"<1cm","1-2cm","2-3cm","WF","Cancer","Death","<1cm","1-2cm","2-3cm","WF","Cancer","Death","Surg","No comp","Comp","Cancer","Death","<1cm","1-2cm","2-3cm","WF","Cancer","Death","<1cm","1-2cm","2-3cm","WF","Cancer","Death","Surg","No comp","Comp","Cancer","Death","<1cm","1-2cm","2-3cm","WF","Cancer","Death","<1cm","1-2cm","2-3cm","WF","Cancer","Death","Surg","No comp","Comp","Cancer","Death"
0.289163014731247,0,0,0,0,0,0,0,0,0.0151228733459357,0,0,0.00661625708884688,0,0,0,0,0,0.467856690991609,0,0,0,0,0,0,0,0.0144675925925926,0,0,0.025462962962963,0,0,0,0,0,0,0.0143738173629808,0,0,0,0,0,0,0.0145867098865478,0,0,0.152350081037277,0,0,0,0
0.284767151103699,0.0000818215548728538,0,0.00113994104246908,0.000115642075935411,0.00305845895427056,0,0,0,0.0149291296821964,0.0000337899869450595,0.000159953676794263,0.00379784641679453,0.00215926835766725,0.000659142314385098,0,0,0,0.463733579850964,0.000214593174677044,0.00291498550013075,0.000245560297552298,0.000747972168284535,0,0,0,0.0142822439270144,0.0000323258519493932,0.000153022813628771,0.0146161827376504,0.008310041384435,0.00253673884087757,0,0,0,0,0.0140934729716295,0.00021682994167749,0.0000150845874368286,0.0000484298622370111,0,0,0,0.0143998351736096,0.0000325920032101759,0.000154282709728016,0.0874515910727136,0.0497206660585143,0.0151778239060493,0,0
0.280438113508692,0.000161678182205527,0.0000000375293280084619,0.00224845833528789,0.000229064552367087,0.00608566262336659,0,0,0,0.0147378681266108,0.0000662554214209375,0.00031874979790402,0.00218002976786879,0.00302637387848859,0.00092297176923786,0.000485860450774935,0.00000102122247670838,0,0.459646804720481,0.000423109802782456,0.00577017431616419,0.000489214961935309,0.00152738719024555,0,0,0,0.014099269818752,0.0000633845448706524,0.000304938228969955,0.00838994260530983,0.0116471359781251,0.00355209836322428,0.00186985579567417,0.00000393022062960717,0,0,0.0138185963676987,0.000426652997145412,0.0000299613885717235,0.0000986066095650046,0,0,0,0.0142153545686373,0.0000639064143810947,0.000307448903529384,0.0501987312975426,0.0696871810519675,0.0212529262315915,0.0111877271475964,0.0000235153085792085
0.276174886055151,0.00023960610753441,0.000000110954759681465,0.00332620622335342,0.000340281521730964,0.00908192386871788,0,0,0,0.0145490568801472,0.0000974368019872879,0.000476379663801221,0.00125137492863792,0.00321596521815338,0.000979784954364628,0.00116656049534946,0.00000257149234149504,0,0.455596045379436,0.00062568506654806,0.0085664672481089,0.000730893366366054,0.00233759993114961,0,0,0,0.0139186398466397,0.0000932148225030297,0.000455737923449881,0.00481597269162966,0.0123767867754196,0.00377074646127498,0.0044895605307133,0.00000989650392537014,0,0,0.0135490809084297,0.000629641415641583,0.000044625968759992,0.000150469070149543,0,0,0,0.0140332373999961,0.0000939822962442215,0.000459490190307458,0.028814943135656,0.0740528300244941,0.022561142227708,0.0268619528556366,0.0000592127937824416
0.271976468295603,0.000315640949692252,0.000000218691540464816,0.00437382686476537,0.000449307777656391,0.0120475521519896,0,0,0,0.0143626645511611,0.000127373487466839,0.00063283530730782,0.000718310930934869,0.00306978881991373,0.000934209614023009,0.00188956943699909,0.00000437828697618448,0,0.451580984429135,0.000822451364758784,0.0113047535996488,0.00097052873428837,0.00317797286377799,0,0,0,0.0137403239792466,0.000121854338234154,0.000605414275111828,0.0027644519226918,0.0118142203327235,0.00359534771428564,0.00727209295892706,0.0000168500343349322,0,0,0.0132848220310053,0.000825963630954457,0.0000590742833306539,0.000203957417690337,0,0,0,0.0138534533889947,0.000122857612202111,0.000610398885350999,0.0165402775418696,0.070686880694156,0.0215116958865053,0.0435104097356874,0.000100817179058925
0.267841874991405,0.000389817730524819,0.000000359202161969333,0.00539195044478781,0.000556158775141761,0.0149828535872259,0,0,0,0.0141786601501754,0.000156103727931312,0.000788109467829002,0.000412322943102381,0.0027748499110239,0.000843446929151852,0.00257934389023349,0.00000629341533525668,0,0.447601307268043,0.0010135383683349,0.0139859113010201,0.00120805801064527,0.00404787604356488,0,0,0,0.0135642925698835,0.000149339684743316,0.000753960337965751,0.00158684339015394,0.0106791346774127,0.0032460434396393,0.00992672096380205,0.0000242204919549329,0,0,0.0130257172119832,0.00101578434168004,0.0000733026609534087,0.000259013148364174,0,0,0,0.0136759726448511,0.000150569256215757,0.000760167985480931,0.00949440642218523,0.0638954325888282,0.0194217374387613,0.0593935884629547,0.0001449161245478
0.263770135881536,0.000462170884455488,0.000000530995166668269,0.00638119538618636,0.000660850592169042,0.0178881309917341,0,0,0,0.0139970130847288,0.000183664694858018,0.000942195566348889,0.000236680526617274,0.00243090970352095,0.000737970822999829,0.00320245742627158,0.0000082386094372507,0,0.443656702067138,0.00119907307481879,0.016610807030998,0.00144342173686801,0.0049466870817859,0,0,0,0.0133905163516738,0.000175706422851366,0.000901369818067423,0.000910875651048888,0.00935546532062724,0.00284011390147884,0.0123248014308693,0.0000317066589387313,0,0,0.0127716659275197,0.00119926458983866,0.0000873077875812712,0.00031557905804112,0,0,0,0.0135007656597232,0.000177153081892022,0.000908791144932548,0.00544995409426746,0.0559756498806588,0.0169929785341466,0.0737417911455339,0.0001897073826704
0.259760295454908,0.000532734267900129,0.000000732623980294716,0.00734216855600074,0.000763399892712498,0.020763683935746,0,0,0,0.0138176931542891,0.000210092510479155,0.00109508768116752,0.00013585873067927,0.00208895747602211,0.000633323467336137,0.00374794286841499,0.0000101745463943779,0,0.43974685974547,0.00137917986178773,0.0191802963379883,0.00167656392948085,0.00587379111688217,0,0,0,0.0132189664326876,0.000200989109598294,0.00104763705030674,0.000522858435067904,0.00803944679429407,0.00243737384684456,0.0144241266873722,0.000039157199384183,0,0,0.0125225696143709,0.00137656183788452,0.000101086690950848,0.000373599219774507,0,0,0,0.0133278033038027,0.000202643930792394,0.00105626265195271,0.00312836825272395,0.0481016436456009,0.0145833029575164,0.0863024807014605,0.00023428547997538
0.255811412726138,0.000601541168534595,0.000000962685771330077,0.00827546546881173,0.000863823891098213,0.023609808790894,0,0,0,0.0136406705452319,0.000235422276345273,0.00124678052435851,0.0000779852697033641,0.00177306872136005,0.000536814840447485,0.00421630498179607,0.000012083275539914,0,0.435871473945948,0.00155398053921368,0.0216952237602214,0.00190743196222291,0.00682858078400264,0,0,0,0.0130496142911381,0.000225221325569027,0.00119275697588551,0.000300129817727431,0.00682373471534003,0.00206595605592851,0.0162266393446239,0.0000465030293430951,0,0,0.0122783316316526,0.00154783004414037,0.000114636725622763,0.000433018961565025,0,0,0,0.0131570568204719,0.000227075659983761,0.00120257740609215,0.00179573768060638,0.0408277912657327,0.01236103484885,0.097087280168924,0.00027823707316405
0.251922561014726,0.000668624314417082,0.00000121982033698762,0.00918167048656062,0.000962140317672268,0.0264267987775342,0,0,0,0.0134659158258846,0.000259688101123772,0.00139726941892734,0.0000447648985111151,0.00149276549280844,0.000451309505499376,0.00461345888836143,0.0000139583036665209,0,0.432030241011336,0.00172359440079076,0.0241564229450458,0.00213597645159152,0.00781045618284488,0,0,0,0.0128824317706398,0.000248435701487405,0.00133672512046543,0.000172279725156203,0.00574497513402931,0.00173688492890269,0.0177551040154598,0.0000537191594150034,0,0,0.0120388572233475,0.0017132197366889,0.00012795555854526,0.000493784844399094,0,0,0,0.0129884978215228,0.000250481168851353,0.00134773089617364,0.00103078459984427,0.0343733535056228,0.0103921354343422,0.106232394851892,0.000321412645576022
0.248092827727595,0.000734015882967619,0.0000015027090151078,0.0100613570149782,0.00105836738573665,0.0292149440109544,0,0,0,0.0132933999416321,0.000282923127652778,0.00154655027665081,0.0000256958287934727,0.00124995702712032,0.000377351634289299,0.00494745355271391,0.0000157990459298765,0,0.428222859960455,0.00188813827425063,0.0265647167673176,0.00236215114571364,0.00881882484387179,0,0,0,0.012717391075527,0.0002706639440978,0.0014795375729678,0.0000988915527441915,0.00481051583387113,0.00145225473540306,0.0190404975021443,0.0000608033388002325,0,0,0.0118040534815429,0.00187287808575193,0.000141041155124509,0.000555844640561497,0,0,0,0.0128220982824373,0.000272892425193452,0.00149171917891704,0.000591688253106841,0.0287822936469484,0.00868913515474401,0.113923165252258,0.000363798730219514
0.24432131414493,0.00079774750980689,0.00000181007362139441,0.0109150876966796,0.00115252375971318,0.0319745315464958,0,0,0,0.013123094210087,0.000305159559270173,0.00169461957657854,0.0000147498517665468,0.00104279598288694,0.000314344608699228,0.005226758887699,0.0000176077577951624,0,0.424449032464605,0.00204772657068565,0.0289209174468841,0.00258591281645461,0.00985310169297958,0,0,0,0.0125544647662327,0.000291936861353301,0.0016211909650066,0.0000567654678766772,0.00401324723837242,0.00120976936377038,0.0201154166451855,0.0000677642477579696,0,0,0.0115738293103854,0.00202694897458769,0.000153891765785632,0.000619147312222119,0,0,0,0.0126578305377278,0.000294340490616955,0.00163453885820309,0.000339639328058952,0.0240120736490095,0.00723829590746831,0.120354624889891,0.000405447262848922
0.240607135209279,0.000859850297456559,0.00000214067541143283,0.0117434146009798,0.00124462852449682,0.0347058454236242,0,0,0,0.0129549703163204,0.00032642868543706,0.0018414743441783,0.00000846667094818007,0.000867786226797627,0.000261194918150244,0.00545942140236069,0.0000193878705901407,0,0.420708462824185,0.0022024713328992,0.0312258266651593,0.00280722115467586,0.0109127090146897,0,0,0,0.0123936257547263,0.0003122843869289,0.00176168245093736,0.0000325843639202777,0.00333971432125357,0.00100522038936261,0.0210108287965191,0.0000746150919074265,0,0,0.0113480953907392,0.0021755730689362,0.000166505913008948,0.000683642990296488,0,0,0,0.0124956672763374,0.000314855545252399,0.00177618706495804,0.000194958869909332,0.0199821893557485,0.00601443783280344,0.125712057723449,0.00044643725536714
0.236949419317853,0.000920354823903253,0.0000024933140669435,0.0125468794104849,0.00133470115596099,0.0374091667089782,0,0,0,0.0127890003081544,0.000346760906674415,0.00198711213110693,0.00000486001609232029,0.000720905215937122,0.000216654324826576,0.0056526944161894,0.000021143115801462,0,0.417000857945525,0.00235248228280222,0.0334802356807901,0.00302603866855554,0.0119970764139355,0,0,0,0.0122348473000103,0.000331735604077629,0.00190100968850471,0.0000187039905034469,0.00277443614519716,0.0008338039128081,0.0217546486824115,0.0000813702320427959,0,0,0.0111267641455331,0.0023188878850417,0.000178882378826375,0.000749282953579662,0,0,0,0.0123355815370995,0.000334466911806501,0.00191666143764183,0.0001119097755067,0.016600015173739,0.00498881822474014,0.130162483231968,0.000486854631323686
0.233347308117996,0.000979291151028293,0.00000286682670573538,0.013326013604512,0.00142276149257846,0.0400847735384271,0,0,0,0.012625156591515,0.000366185758831184,0.00213153099558957,0.00000278973359921225,0.000598175833988215,0.000179493597752896,0.00581292083536256,0.000022877088143995,0,0.413325927317923,0.00249786686787482,0.0356849254444105,0.00324233058488828,0.0131056407765117,0,0,0,0.0120781030036737,0.000350318768847107,0.00203917082007176,0.0000107364152207778,0.00230210659919142,0.000690789183415412,0.0223712872625494,0.0000880435025859172,0,0,0.0109097497057835,0.00245702785628096,0.000191020192763418,0.000816019608152885,0,0,0,0.012177546704255,0.000353203078969868,0.00205596010332292,0.0000642381537181887,0.0137739715308627,0.00413313204068558,0.133851957147135,0.000526782164875339
0.229799956305747,0.00103668883290527,0.00000326008691483559,0.0140813386393904,0.00150882970812252,0.042732941158167,0,0,0,0.012463411925844,0.0003847319367016,0.00227472948339012,0.00000160135551132674,0.000495934694632948,0.000148583504326146,0.00594554448541122,0.0000245930489652356,0,0.409683382990878,0.00263873030671107,0.0378406667124845,0.00345606475328263,0.0142378462282527,0,0,0,0.011923366805504,0.000368061332673514,0.0021761644544151,0.00000616288870397507,0.00190862697623619,0.000571830298726086,0.0228816953443174,0.0000946474549793029,0,0,0.0106969678772805,0.00259012439842543,0.000202918620212539,0.000883806467062294,0,0,0,0.0120215365030274,0.000371091724196985,0.00219408165932341,0.0000368738153073552,0.0114197029985265,0.00342137686321923,0.136905832406371,0.000566294953852885
0.226306531427481,0.00109257692396749,0.00000367200380628261,0.0148133661256961,0.00159292628541417,0.045353941964882,0,0,0,0.0123037394195703,0.000402427317009036,0.00241670660935639,0.00000091920586050963,0.000410936548213152,0.000122925821300721,0.00605518165537318,0.0000262938580993185,0,0.406072939551528,0.00277517563366511,0.0399482201602347,0.00366721155317672,0.0153931440930044,0,0,0,0.0117706129791534,0.000384989964369538,0.00231198964906961,0.00000353760509411742,0.00158150778707165,0.000473085551685777,0.0233036389236882,0.000101193095423237,0,0,0.010488336107923,0.00271830597356475,0.000214577151224213,0.000952598130268845,0,0,0,0.0118675249952541,0.000388159735875207,0.00233102515541851,0.0000211662100577457,0.00946248242484241,0.00283056697846707,0.139430406573321,0.000605458850588891
0.222866213684553,0.00114698398704731,0.00000410152109508129,0.0155225980024702,0.00167507199108207,0.0479480455449998,0,0,0,0.0121461125256387,0.00041929898077323,0.00255746183952384,0.000000527640119897678,0.000340373162734648,0.000101658345732683,0.00614571596864625,0.0000279819716134061,0,0.402494314102289,0.00290730374261614,0.0420083364936575,0.00387574380359501,0.0165709928494511,0,0,0,0.0116198161278625,0.000401130571522422,0.00244664589320766,0.00000203064673127288,0.00130994142457203,0.000391236715488414,0.0236520642999686,0.000107689876202652,0,0,0.0102837734556914,0.00284169815271858,0.000225995489702303,0.00102235026486852,0,0,0,0.0117154865750741,0.000404433234898976,0.00246679007657475,0.0000121497719851966,0.00783764570045987,0.0023408487612426,0.141515106393565,0.00064433041002465
0.219478195740917,0.00119993810128937,0.00000454761619882866,0.0162095267084717,0.00175528785130286,0.0505155187130673,0,0,0,0.0119905050370962,0.00043537323507729,0.00269699507376227,0.000000302874587822234,0.000281850190509573,0.0000840472037659501,0.00622039734907128,0.000029659470912251,0,0.398947226238687,0.0030352134298695,0.0440217565606244,0.00408163667557081,0.0177708580868569,0,0,0,0.011470951180237,0.000416508321317792,0.00258013309103776,0.00000116562647257777,0.00108471313397831,0.000323459443593957,0.0239394789512208,0.000114145807697347,0,0,0.0100832005572451,0.0029604236771631,0.000237173542990841,0.00109301958558176,0,0,0,0.0115653959646708,0.000419937595665109,0.00260137632621195,0.00000697418002039751,0.0064900590753781,0.0019353235723388,0.14323476664965,0.000682957559890065
0.216141682533673,0.00125146686993964,0.00000500929935853018,0.0168746353505132,0.00183359512849065,0.0530566255492723,0,0,0,0.011836891082735,0.000450675634250445,0.00283530662895025,0.000000173855270835503,0.00023334577597289,0.0000694737043360878,0.00628193564875566,0.0000313281045114055,0,0.395431398027387,0.00315900143621097,0.0459892114610684,0.00428486760716154,0.0189922124597812,0,0,0,0.0113239933860801,0.000431147660804553,0.00271245154570798,0.000000669089828698277,0.000898041713218416,0.0002673726756162,0.0241763118651516,0.000120567619148061,0,0,0.00988653959713199,0.00307460251849825,0.000248111411839667,0.00116456383551089,0,0,0,0.0114172282100692,0.000434697466504532,0.0027347842099741,0.00000400330039248263,0.00537316603659547,0.00159974504367506,0.144651786094014,0.000721380562599745
0.212855891086486,0.00130159742801217,0.00000548561278013587,0.0175183978689285,0.00191001529890512,0.0555716274361355,0,0,0,0.0116852451227913,0.000465231000482081,0.00297239722266238,0.0000000997959433131,0.000193163530563183,0.0000574195786928875,0.0063325848509616,0.000032989332685901,0,0.391946553984413,0.00327876248813067,0.0479114226562568,0.00448541622098528,0.0202345356418228,0,0,0,0.0111789183122768,0.000445072336615706,0.00284360194370009,0.00000038406917601781,0.00074339853462114,0.000220981830961582,0.0243712375977153,0.000126960930488927,0,0,0.00969371427759877,0.00318435193748081,0.000258809380736755,0.00123694176716446,0,0,0,0.0112709586769873,0.000448736789565476,0.00286701441999506,0.00000229796391627099,0.00444790447825185,0.00132217919429615,0.145818066357451,0.000759633043361479
0.209620050325848,0.00135035644983558,0.00000597562979633648,0.0181412792002201,0.00198457003114864,0.0580607830943988,0,0,0,0.0115355419446985,0.000479063443882202,0.00310826795735507,0.0000000572846037620257,0.000159886286150366,0.0000474525468757018,0.0063742166010731,0.000034644370143954,0,0.388492421053568,0.00339458933823297,0.04978910207715,0.00468326424420944,0.0214973142784484,0,0,0,0.0110357018387324,0.000458305414159587,0.00297358533970058,0.00000022046237386986,0.000615329562902765,0.000182623260760389,0.0245314592603468,0.000133330416579146,0,0,0.00950464978899005,0.00328978654164843,0.000269267908595425,0.00131011312374688,0,0,0,0.0111265630467401,0.000462078820162716,0.00299806801964495,0.00000131907117697175,0.00368164179907993,0.00109267207499011,0.146776705119222,0.000797742972807713
0.20643340090013,0.00139777015648095,0.00000647845404816912,0.0187437354369326,0.00205728116552402,0.0605243486181316,0,0,0,0.0113877566588959,0.000492196382003041,0.00324292030503676,0.0000000328823569298486,0.000132333615477573,0.0000392131075798574,0.00640838325885524,0.0000362942245772777,0,0.385068728585032,0.0035065728048484,0.0516229522318469,0.00487839543092398,0.0227800419389572,0,0,0,0.0108943201543619,0.000470869296295589,0.00310240314193512,0.00000012654922948068,0.000509291870677247,0.000150913408073539,0.0246629511794171,0.000139679955565595,0,0,0.0093192727807247,0.00339101834175889,0.000279487619784988,0.00138403862071221,0,0,0,0.0109840173121968,0.000474746145607066,0.00312794642874392,0.000000757169752578676,0.00304719674148543,0.0009029455834758,0.147563447987884,0.000835733554679191
0.203295195001387,0.00144386432307313,0.00000699321868599166,0.0193262139847982,0.00212817069422462,0.0629625775090783,0,0,0,0.0112418646946906,0.000504652558836161,0.00337635609240893,0.0000000188750436636297,0.000109524262516817,0.0000324028860240973,0.0064363713348832,0.0000379397303791042,0,0.381675208314161,0.00361480181086309,0.0534136663121187,0.00507079548683344,0.0240822190676325,0,0,0,0.0107547497531311,0.000482785741508119,0.00323005709795342,0.0000000726414544171039,0.000421509049990317,0.00012470396413639,0.0247706645487337,0.000146012758648153,0,0,0.00913751133283836,0.00348815680706842,0.000289469295493728,0.00145867992758029,0,0,0,0.0108432977737889,0.000486760703528963,0.00325665140922992,0.000000434628581253832,0.00252197428937775,0.00074612915509806,0.148207918961983,0.000873624002237249
0.200204696189869,0.00148866428598713,0.00000751908558939475,0.0198891537172008,0.0021972607423303,0.0653757207102706,0,0,0,0.0110978417961721,0.000516454063299016,0.00350857748646466,0.000000010834602703936,0.0000906436649796397,0.0000267745831990283,0.00645924642851012,0.0000395815775553854,0,0.378311594340462,0.00371936342178121,0.0551619282990311,0.00526045199620391,0.0254033529341306,0,0,0,0.0106169674301487,0.000494075881592121,0.00335654928085178,0.0000000416974557765898,0.000348846221241087,0.000103043187589382,0.024858700375331,0.000152331481345759,0,0,0.00895929492808092,0.00358130891947258,0.000299213865413449,0.00153399965001384,0,0,0,0.0107043810355703,0.000498143799709606,0.00338418505126787,0.000000249484350106934,0.00208721782115192,0.000616528327925391,0.148734655199858,0.000911430203991246
0.197161179221203,0.00153219494993147,0.00000805524460562928,0.0204329851270016,0.00226457354958258,0.0677640266389234,0,0,0,0.0109556640181794,0.000527622347224549,0.00363958698053179,0.00000000621925002368784,0.0000750162814937151,0.0000221234285415584,0.00647789082336122,0.0000412203362003626,0,0.374977623106762,0.0038203428830354,0.0568684130676563,0.00544735435100263,0.0267429575831527,0,0,0,0.0104809502778083,0.000504760238863185,0.00348188207592108,0.0000000239350634178833,0.000288703533076672,0.000085143009711196,0.0249304541674199,0.000158638317691739,0,0,0.00878455442455827,0.00367057922653266,0.000308722399735129,0.00160996131215474,0,0,0,0.0105672440013274,0.000508916125432755,0.00351054975978766,0.000000143208347616532,0.00172737189791918,0.000509427926676329,0.149163972717046,0.000949165287288367
0.194163929876198,0.00157448079492022,0.00000860091280613637,0.0209581304757719,0.00233013145291387,0.0701277412186377,0,0,0,0.0108153077223205,0.000538178242867072,0.00376938738074819,0.00000000356995746997624,0.0000620822339379504,0.0000182799782984575,0.00649303482960939,0.0000428564770436113,0,0.371673033378554,0.00391782365655993,0.0585337864908769,0.00563149368216967,0.0281005537834478,0,0,0,0.0103466756819798,0.000514858742904878,0.00360605816770796,0.0000000137391418768464,0.000238926269368342,0.0000703513185970399,0.0249887365565457,0.000164935079310036,0,0,0.00861322202890755,0.00375606989340994,0.000317996101445579,0.00168652933921773,0,0,0,0.010431863870739,0.000519097774369962,0.00363574824143885,0.0000000822040774031204,0.00142954441528063,0.000420926233326742,0.14951268809315,0.00098684009144275
0.191212244793243,0.00161554588313539,0.00000915533376077576,0.0214650039404743,0.0023939568697059,0.0724671079109285,0,0,0,0.0106767495730417,0.000548141979937296,0.00389798179295677,0.0000000020492175566021,0.0000513777154216727,0.0000151040851641194,0.00650528285044141,0.0000444903886021249,0,0.368397566223532,0.00401188745664108,0.060158705542283,0.00581286279296268,0.0294756689761896,0,0,0,0.0102141213182491,0.00052439074686565,0.00372908052747781,0.00000000788650592716113,0.000197729448438302,0.0000581287510383668,0.0250358736155546,0.000171223261425771,0,0,0.00844523126999566,0.00383788075373005,0.000327036298915256,0.00176366904033982,0,0,0,0.0102982181355858,0.000528708259011642,0.0037597834919504,0.0000000471865673626284,0.00118305546518087,0.000347796128210697,0.149794718694628,0.0010244635626901
0.188305431303248,0.00165541386568146,0.00000971777682935712,0.0219540117576367,0.00245607228175356,0.0747823677460988,0,0,0,0.0105399665337481,0.000557533202179055,0.00402537361000855,0.000000001176286448677,0.0000425186262545225,0.0000124798697771978,0.00651513502508505,0.0000461223914436597,0,0.365150964991298,0.00410261428505893,0.0617438183981641,0.00599145609431741,0.0308678372227706,0,0,0,0.0100832651482074,0.000533375043317275,0.00385095240106793,0.00000000452699129950495,0.00016363484535388,0.0000480293401015305,0.0250737901527579,0.00017750409775837,0,0,0.00828051697313074,0.00391610935939889,0.000335844438767727,0.00184134659168344,0,0,0,0.0101662845760079,0.000537766526656094,0.00388265878388385,0.0000000270859087505963,0.000979060527498209,0.000287369300551488,0.150021581040694,0.00106204308262442
0.185442807267096,0.00169410798923367,0.0000102875364700873,0.0224255523650594,0.00251650021991079,0.0770737593534773,0,0,0,0.0104049358629737,0.000566370983499937,0.00415156649946208,0.000000000675208840019624,0.0000351869453829593,0.0000103115395715902,0.00652300517866668,0.000047752750016809,0,0.361932975293252,0.00419008246553441,0.063289764538598,0.00616726954216798,0.0322765991520563,0,0,0,0.00995408541578611,0.000541829879686535,0.00397167729711994,0.00000000259857158735066,0.00013541854178799,0.0000396844237877537,0.0251040787927655,0.00018377860605014,0,0,0.00811901523477658,0.00399085102939129,0.000344422079021532,0.0019195290197914,0,0,0,0.0100360412568107,0.000546290974968233,0.00400437765476884,0.0000000155477817915332,0.000810236650202841,0.000237439970704745,0.150202804127983,0.0010995847406047
0.182623700915568,0.00173165110258172,0.0000108639315645548,0.0228800165410969,0.00257526324939599,0.07934151899104,0,0,0,0.0102716351106,0.000574673843667688,0.00427656439166802,0.000000000387581594732657,0.0000291194023869543,0.00000851991898505191,0.00652923569744806,0.0000493816824452142,0,0.358743344982664,0.00427436867749529,0.0647971748476395,0.00634030057667268,0.0337015019071373,0,0,0,0.00982656064364043,0.000549772973271497,0.00409125897568067,0.00000000149162519824691,0.000112067329688946,0.0000327892913849319,0.0251280572245042,0.000190047625759723,0,0,0.00796066339776022,0.00406219889753326,0.000352770882495499,0.00199818418519182,0,0,0,0.00990746652381821,0.000554299467119502,0.00412494389561009,0.00000000892469663332999,0.000670521603655331,0.000196184992568044,0.150346271957075,0.00113709355928258
0.179847450691697,0.00176806566307047,0.0000114463047588815,0.0233177875415556,0.00263238395573519,0.0815858805744303,0,0,0,0.0101400421141239,0.000582459763583976,0.00440037146822789,0.000000000222478563182235,0.0000240980744480132,0.00000703957387263923,0.00653410984942151,0.0000510093686261522,0,0.355581824134912,0.0043555479891745,0.0662666717126099,0.00651054806329236,0.0351420990916198,0,0,0,0.00970066962957813,0.000557221525853449,0.00420970143716101,0.0000000008562187560565,0.0000927425232890137,0.0000270921166434442,0.0251468156175819,0.000196311849229881,0,0,0.00780540002696315,0.00413024395929804,0.000360892610468832,0.00207728076625078,0,0,0,0.00978053900027223,0.00056180934652012,0.00424436153975546,0.00000000512293078620043,0.000554897360500997,0.000162097638523204,0.150458507234237,0.00117457368108546
0.177113405095521,0.00180337374293938,0.0000120340218206778,0.0237392412342452,0.0026878849313216,0.0838070757053992,0,0,0,0.0100101349949725,0.000589746200146763,0.00452299215081646,0.000000000127706557143853,0.000019942588467401,0.00000581643058072812,0.00653786198517094,0.0000526359569212546,0,0.352448165027902,0.00443369389005377,0.0676988691224913,0.00667801223566978,0.0365979507154917,0,0,0,0.00957639144303467,0.000564192237915288,0.00432700891164263,0.000000000491484428584711,0.0000767499486056922,0.0000223847946754345,0.0251612558807604,0.000202571847437024,0,0,0.00765316488548652,0.00419507511763594,0.000368789116587534,0.00215678824327081,0,0,0,0.00965523758327879,0.000568837451154526,0.0043626348521145,0.00000000294065119728421,0.000459210536758501,0.000133932774742897,0.150544906262843,0.00121202852228123
0.1744209225312,0.00183759703556202,0.0000126264710114481,0.0241447462312254,0.00274178876257111,0.0860053336996777,0,0,0,0.00988189215486617,0.000596550100712252,0.0046444310903573,0.0000000000733057805851495,0.0000165036584982901,0.00000480580585666645,0.00654068598150537,0.0000542615696807715,0,0.349342122122656,0.00450887832266558,0.0690943727654276,0.00684269464025996,0.0380686231405993,0,0,0,0.00945370542159325,0.000570701322476817,0.00444318584852252,0.000000000282120593402768,0.0000635150719586972,0.0000184953599735066,0.0251721241576586,0.000208828091251593,0,0,0.00750389891128131,0.00425677922785751,0.000376462341009025,0.00223667688283296,0,0,0,0.0095315414402994,0.000575400127530598,0.00447976831871781,0.00000000168798483231171,0.000380023580683479,0.000110661496655983,0.15060993337177,0.0012494609001834
0.171769371156447,0.00187075686158743,0.0000132230624740983,0.0245346640187838,0.0027941180176536,0.0881808816143015,0,0,0,0.00975529227222712,0.000602887917167079,0.00476469315654152,0.0000000000420787905287033,0.0000136577322215747,0.00000397077742891377,0.00654274222931478,0.0000558863078028198,0,0.346263452044074,0.00458117171376589,0.0704537801253351,0.00700459808266268,0.039553689025771,0,0,0,0.00933259116754945,0.000576764518557192,0.00455823690648594,0.000000000161942117782093,0.0000525623966913645,0.0000152817155151119,0.0251800377198298,0.00021508096898453,0,0,0.00735754419423426,0.00431544114158914,0.000383914304777035,0.00231691772238036,0,0,0,0.00940943000568747,0.00058151324425293,0.00459576663660741,0.000000000968932594503497,0.000314491499166485,0.0000914336089049161,0.150657281822138,0.00128687313813523
0.169158128734261,0.0019028741749847,0.0000138232276352062,0.0249093490851849,0.00284489523478086,0.0903339442744006,0,0,0,0.00963031429863475,0.000608775619621149,0.00488378342767983,0.0000000000241539561849668,0.0000113025575116925,0.00000328083676447484,0.00654416341592167,0.0000575102544950818,0,0.343211913561863,0.00465064300489016,0.0717776805776255,0.00716372657560959,0.0410527272716208,0,0,0,0.00921302854452,0.000582397104274428,0.00467216694379816,0.0000000000929575866668796,0.0000434984008998272,0.0000126264478389412,0.0251855072204023,0.000221330800864339,0,0,0.0072140439537007,0.0043711437498199,0.000391147104419093,0.0023974825550411,0,0,0,0.00928888297726905,0.000587192205230205,0.00471063470404855,0.000000000556184128387895,0.000260259770699894,0.0000755466028943161,0.15069000695537,0.00132426715212894
0.166586582486903,0.00193396956899238,0.0000144264186217223,0.0252691490462266,0.00289414291103225,0.0924647442994718,0,0,0,0.00950693745532606,0.000614228709731212,0.00500170718087845,0.0000000000138647901247858,0.00000935351174551496,0.00000271077537567419,0.00654505930948307,0.000059133478377826,0,0.340187267571635,0.00471735968230449,0.0730666554840456,0.00732008528855988,0.0425653229650636,0,0,0,0.00909499767409484,0.000587613909591672,0.00478498100890608,0.0000000000533592683440004,0.0000359974106131955,0.0000104325409464604,0.0251889551070648,0.000227577850979213,0,0,0.00707334251647564,0.00442396802505793,0.000398162906759182,0.00247834391468805,0,0,0,0.00916988031296746,0.000592451962526398,0.00482437761105396,0.000000000319259344174623,0.000215379821744606,0.000062420012192996,0.150710636361822,0.00136164452225783
0.164054128952095,0.00196406328197404,0.0000150321076917761,0.0256144047686402,0.00294188349169986,0.0945735021291462,0,0,0,0.00938514122974103,0.000619262233665036,0.00511846988252966,0.00000000000795863020253393,0.00000774056307995324,0.00000223976432648167,0.0065455207174386,0.0000607560360432107,0,0.337189277076175,0.00478138780636412,0.0743212782866348,0.00747368049885935,0.0440910673235749,0,0,0,0.00897847893253219,0.000592429328719625,0.00489668433134077,0.0000000000306291462622652,0.0000297899051337618,0.00000861983374060637,0.0251907308563328,0.000233822337126616,0,0,0.0069353852951944,0.00447399306261448,0.000404963943938365,0.00255947506123355,0,0,0,0.00905240222747103,0.000597307028865323,0.00493700063021145,0.000000000183260405395324,0.000178239055204332,0.00005157421666989,0.150721261030494,0.00139900655164839
0.161560173841412,0.00199317520318169,0.0000156397866792697,0.025945450491371,0.00298813936013548,0.0966604360484678,0,0,0,0.00926490537211218,0.000623890794715765,0.00523407717910778,0.00000000000456839188553269,0.00000640575515316677,0.00000185059350131883,0.00654562276145808,0.000062377974165921,0,0.334217707166868,0.00484279204029061,0.075542114600806,0.0076245195444193,0.0456295576392244,0,0,0,0.00886345294749592,0.000596857332184317,0.00500728231291236,0.0000000000175816616282505,0.0000246528367964798,0.00000712209231757556,0.0251911235773311,0.000240064438936174,0,0,0.00680011876715463,0.00452129612103324,0.000411552508636367,0.00264084996615656,0,0,0,0.0089364291889437,0.000601771489797763,0.00504850920780635,0.000000000105194653808751,0.000147502931579704,0.0000426129254209678,0.150723610760021,0.00143635431506117
0.159104131900814,0.00202132487842817,0.0000162489664519474,0.0262626139447744,0.0030329328280824,0.0987257622126966,0,0,0,0.00914620989209789,0.00062812856557578,0.00534853488826205,0.00000000000262233624237951,0.00000530112519736082,0.00000152904295273955,0.00654542758683078,0.0000639993312436637,0,0.331272325005293,0.00490163567837926,0.0767297223075519,0.00777261077787254,0.0471803972225122,0,0,0,0.00874990059483468,0.000600911478569133,0.00511678051918878,0.0000000000100921789645545,0.0000204016187324356,0.00000588459057010015,0.0251903724390002,0.000246304304568042,0,0,0.00666749045355127,0.00456595266168219,0.000417930949487378,0.00272244329825996,0,0,0,0.00882194191577756,0.000605859015540172,0.00515890895523007,0.0000000000603835572996359,0.00012206703012918,0.0000352087010270557,0.150719116546769,0.00147368869896847
0.156685426773309,0.00204853151567021,0.0000168591763826365,0.0265662164677618,0.00307628612647521,0.100769694671649,0,0,0,0.00902903505545879,0.000631989300279153,0.00546184899019778,0.00000000000150526652275044,0.00000438698096707055,0.00000126336342217662,0.00654498660392001,0.0000656201390323527,0,0.328352899804978,0.00495798067364797,0.077884651644781,0.00791796352216509,0.0487431953460362,0,0,0,0.00863780299540237,0.0006046049259398,0.00522518467125041,0.00000000000579308590997672,0.0000168834935498568,0.00000486211094817841,0.0251886752964356,0.000252542056236283,0,0,0.00653744889911663,0.004608036387525,0.000424101666683478,0.00280423040965568,0,0,0,0.00870892137338721,0.000609582872493729,0.00526820564066687,0.0000000000346612100533866,0.000101017372340148,0.000029090997699076,0.150708962197975,0.00151101043460189
0.154303490863698,0.00207481399050338,0.0000174699638333625,0.0268565731229318,0.00311822139669158,0.102792445393589,0,0,0,0.00891336138077675,0.000635486345821533,0.00557402561933744,0.000000000000864049113113419,0.00000363047468955482,0.00000104384708936993,0.00654434234247441,0.0000672404237294949,0,0.325459202813322,0.00501188766493844,0.0790074452977869,0.00806058802754326,0.0503175671880183,0,0,0,0.00852714151191931,0.000607950442960777,0.0053325006377125,0.00000000000332533187116864,0.0000139720451180685,0.00000401729246894418,0.0251861958272874,0.000258777794763182,0,0,0.00640994365215744,0.00464761928108864,0.000430067107759357,0.00288618732197536,0,0,0,0.008597348771045,0.000612955934452253,0.00537640518105056,0.0000000000198961362346274,0.0000835975848172277,0.0000240362770854406,0.150694127030277,0.0015483201252016
0.151957765205381,0.00210019085157036,0.0000180808936520454,0.0271339928097191,0.00315876068224038,0.104794224288685,0,0,0,0.00879916963621596,0.000638632653466081,0.00568507105625368,0.000000000000495979189458041,0.00000300442286484087,0.000000862472887114956,0.00654352998564902,0.0000688602069499217,0,0.322591007293662,0.00506341600348051,0.0800986384888549,0.00820049542989693,0.0519031337757141,0,0,0,0.00841789774587356,0.000610960419711293,0.00543873442700774,0.00000000000190879821657165,0.0000115626565148869,0.00000331926569452508,0.0251830694355104,0.000265011603334388,0,0,0.00628492524498131,0.00468477164164337,0.000435829763552144,0.00296829071280397,0,0,0,0.00848720555875693,0.000615990693507295,0.00548351363428359,0.0000000000114207275642466,0.0000691817232586603,0.0000198598410672277,0.150675421193046,0.00158561826848428
0.149647699329181,0.00212468032588381,0.0000186915476814938,0.0273987783755952,0.0031979259208711,0.106775239232035,0,0,0,0.0086864408363254,0.000641440789743809,0.00579499171986651,0.000000000000284700664166025,0.00000248632954725914,0.000000712613433442197,0.00654257863905119,0.0000704795065302876,0,0.319748088507516,0.00511262377893019,0.0811587590660093,0.00833769771042063,0.0534995219287327,0,0,0,0.00831005353446205,0.000613646878209047,0.00554389217992149,0.00000000000109568331004107,0.00000956875108168051,0.00000274252484735459,0.0251794081353432,0.000271243550595069,0,0,0.00616234517470501,0.00471956212161117,0.000441392164330383,0.00305051790233424,0,0,0,0.00837847342417853,0.000618699270658483,0.00558953719171079,0.00000000000655569586771,0.0000572517819249863,0.0000164090833949278,0.150653514890234,0.0016229052751679
0.147372751134168,0.00214830032406528,0.0000193015242804165,0.0276512267253531,0.00323573893708958,0.108735696086291,0,0,0,0.00857515623888236,0.00064392294715651,0.00590379415989685,0.000000000000163423123186165,0.00000205757803490858,0.000000588792879590668,0.00654151238057658,0.0000720983371923719,0,0.316930223696967,0.00515956784489164,0.0821883275909057,0.00847220765655549,0.0551063642022889,0,0,0,0.00820359094757083,0.000616021482649366,0.00564798016237239,0.000000000000628941239299136,0.00000791868160392394,0.00000226599587720773,0.0251753045916502,0.000277473693202653,0,0,0.00604215588443694,0.00475205776221818,0.000446756876086369,0.00313284684023931,0,0,0,0.00827113428957028,0.000621093426136982,0.00569448217084054,0.0000000000037630832246146,0.0000473790809742365,0.0000135579137441656,0.15062896255455,0.00166018148424537
0.145132386760444,0.00217106844550135,0.0000199104378561794,0.0278916289285076,0.0032722214350662,0.110675798723872,0,0,0,0.00846529734177637,0.000646090954590194,0.00601148504956917,0.0000000000000938077094767367,0.00000170276193509174,0.000000486486829590165,0.00654035112889843,0.0000737167110899559,0,0.314137192067212,0.0052043038439334,0.0831878574258737,0.00860403882417578,0.0567232988304137,0,0,0,0.00809849228479401,0.000618095549367427,0.00575100475843115,0.000000000000361023188786462,0.00000655315588644102,0.00000187226644271506,0.0251708354623413,0.000283702077931517,0,0,0.00592431074482672,0.00478232402840662,0.000451926496986235,0.00321525609276123,0,0,0,0.00816517030879199,0.000623184569449739,0.00579835500830608,0.00000000000216007509212327,0.0000392088631555322,0.0000112021505386435,0.150602222845846,0.00169744717557729
0.142926080463865,0.0021930019834184,0.0000205179184090401,0.0281202703248441,0.00330739499192239,0.112595749048789,0,0,0,0.00835684587993302,0.000647956287446772,0.00611807117855593,0.0000000000000538472535936507,0.00000140913157634037,0.00000040195702283517,0.00653911136193415,0.0000753346382597068,0,0.311368774769261,0.00524688623210858,0.0841578548201114,0.00873320550098479,0.0583499696691425,0,0,0,0.0079947400724909,0.000619880056530929,0.00585297246357076,0.000000000000207233577157046,0.00000542310624518823,0.0000015469496798134,0.0251660641634225,0.000289928743408223,0,0,0.00580876403597455,0.00481042484302101,0.000456903653972354,0.00329772483001289,0,0,0,0.00806056386433572,0.000624983769151961,0.00590116225306013,0.00000000000123992059837827,0.0000324475465455435,0.00000925571424751177,0.15057367519497,0.00173470258027422
0.14075331449266,0.00221411792987708,0.0000211236110875997,0.028337430628145,0.00334128105138226,0.114495747018095,0,0,0,0.00824978382227728,0.000649530077501512,0.00622355944615694,0.0000000000000309092582662193,0.00000116613587918593,0.000000332114740281617,0.00653780671120359,0.0000769521269929103,0,0.308624754882789,0.00528736830298897,0.0850988189950392,0.00885972267108597,0.0599860261397053,0,0,0,0.00789231706088085,0.00062138565357042,0.00595388987814131,0.000000000000118955670536462,0.00000448792637631144,0.00000127815851435101,0.0251610431564112,0.000296153721542159,0,0,0.00569547092969349,0.00483642262028356,0.000461690999512807,0.00338023281349095,0,0,0,0.0079572975643967,0.000626501762355084,0.00600291055979603,0.000000000000711735946536709,0.0000268521753778186,0.0000076474820908746,0.15054363348984,0.00177194788925652
0.138613578965936,0.00223443298068801,0.0000217271757552156,0.0285433840281265,0.00337390091777635,0.116375990662966,0,0,0,0.00814409336873559,0.000650823122493582,0.00632795685470655,0.0000000000000177424507808231,0.000000965043226110905,0.000000274407943890257,0.00653644845351719,0.0000785691841419469,0,0.305904917399138,0.00532580221122252,0.0860112422288147,0.00898360598069581,0.0616311231717374,0,0,0,0.00779120622117536,0.000622622670354284,0.00605376370106295,0.000000000000068282619770906,0.00000371401225710275,0.00000105607131315966,0.0251558158406194,0.000302377038705019,0,0,0.00558438747211761,0.00486037829857315,0.000466291208492792,0.00346276038379725,0,0,0,0.0078553542399818,0.000627748963977298,0.00610360668258871,0.000000000000408548787926469,0.000022221689956745,0.00000631868924190178,0.150512357397359,0.00180918326031139
0.136506371754021,0.00225396354024967,0.0000223282865671255,0.0287383992906131,0.00340527575038486,0.118236676109411,0,0,0,0.0080397569472765,0.000651845895456825,0.0064312705032024,0.0000000000000101844747291775,0.000000798627708745409,0.000000226728025827092,0.00653504591772916,0.0000801858153729621,0,0.303209049204471,0.00536223899562348,0.0868956099400156,0.00910487170496621,0.063284921146532,0,0,0,0.0076913907427468,0.000623601126115199,0.00615260072373059,0.0000000000000391954090271719,0.00000307355465422588,0.000000872573004158629,0.0251504181185622,0.000308598716703219,0,0,0.00547547056664942,0.004882351372522,0.00047070697524307,0.00354528844856631,0,0,0,0.00775471694205499,0.000628735475743506,0.00620325746874931,0.000000000000234514096032915,0.0000183897019889207,0.00000522078157549338,0.150480061729567,0.00184640882391105
0.134431198360634,0.00227272572630984,0.0000229266315580384,0.0289227398559824,0.00343542655810829,0.120077997598655,0,0,0,0.00793675721098911,0.000652608553797694,0.00653350758114892,0.00000000000000584606528097934,0.000000660909478976927,0.000000187332760285062,0.00653360682122759,0.0000818020253741766,0,0.300536939063074,0.00539672860180457,0.0877524007704923,0.00922353671588468,0.064947085840353,0,0,0,0.00759285403033355,0.00062433073813473,0.00625040782412431,0.0000000000000224988451521288,0.00000254353985328488,0.000000720958552975382,0.0251448796909546,0.000314818773579586,0,0,0.00536867795723984,0.00490239992444385,0.000474941010700631,0.00362779847059649,0,0,0,0.00765536893871944,0.000629471094941414,0.00630186985288696,0.000000000000134615161918027,0.0000152185157451293,0.00000431364150865247,0.150446924191879,0.0018836246880094
0.132387571806835,0.0022907353746517,0.0000235219122399531,0.0290966639359062,0.00346437419445352,0.121900147507161,0,0,0,0.00783507703519899,0.000653120948127107,0.00663467536260963,0.00000000000000335574294976254,0.000000546939874418743,0.000000154782642727902,0.00653213754829875,0.0000834178180276216,0,0.297888377600803,0.00542931990436002,0.0885820866673978,0.00933961845122174,0.0666172883678264,0,0,0,0.00749557970128086,0.000624820930192491,0.00634719196111924,0.0000000000000129147276618176,0.00000210492270452557,0.000000595687961662476,0.0251392251280096,0.000321037224274292,0,0,0.00526396821199429,0.00492058065510733,0.000478996039696967,0.00371027245618221,0,0,0,0.00755729371243565,0.000629965322940267,0.00639945085117189,0.0000000000000772714396480166,0.0000125941802247494,0.00000356412210802856,0.150413091792871,0.00192083094199653
0.130375012516755,0.00230800804370589,0.0000241138432099695,0.0292604246084187,0.00349213935282408,0.123703316366334,0,0,0,0.00773469951462104,0.000653392630852807,0.00673478120046187,0.00000000000000192625470357295,0.000000452623597368517,0.000000127888290472303,0.00653064338040639,0.0000850331965507215,0,0.295263157288678,0.00546006072860839,0.0893851329643972,0.00945313488449555,0.068295205125429,0,0,0,0.00739955158281708,0.000625080840786196,0.00644296016898931,0.00000000000000741327785720303,0.00000174194227056045,0.00000049218383747244,0.0251334747556778,0.000327254081169741,0,0,0.00516130070709855,0.0049369489138678,0.000482874798369454,0.00379269294364499,0,0,0,0.00746047495727528,0.000630227373478569,0.00649600755579396,0.0000000000000443551476683808,0.0000104223945370442,0.00000294483590276718,0.150378686146834,0.00195802765995887
0.128393048205046,0.00232455901908945,0.0000247021517678656,0.029414269911339,0.00351874256210338,0.125487692881902,0,0,0,0.00763560796054887,0.000653432864538615,0.00683383252084824,0.00000000000000110570363659692,0.000000374571557725008,0.000000105666982670841,0.00652912868669236,0.0000866481636130152,0,0.292661072426627,0.00548899787190375,0.0901619984620635,0.00956410449592489,0.0699805177350897,0,0,0,0.00730475370936478,0.000625119331128703,0.0065377195520991,0.00000000000000425535017285547,0.00000144155548571549,0.00000040666413502753,0.0251276453887982,0.000333469354539772,0,0,0.00506063561105808,0.00495155872817065,0.000486580031691502,0.00387504299206057,0,0,0,0.00736489657621012,0.000630266180726975,0.00659154712961071,0.0000000000000254606246971143,0.00000862511936996237,0.00000243315414692764,0.150343807860368,0.00199521490336689
0.126441213766056,0.00234040331807307,0.000025286577543214,0.0295584429340751,0.00354420418252018,0.12725346395298,0,0,0,0.00753778589808007,0.000653250630036824,0.00693183681781883,0.00000000000000063469308067927,0.000000309979092120034,0.0000000873067516919217,0.00652759708157005,0.0000882627214323818,0,0.29008191912736,0.00551617712452382,0.0909131355074626,0.00967254624434198,0.0716729129879206,0,0,0,0.00721117031988635,0.000624944992928023,0.00663147727977822,0.00000000000000244264486539198,0.00000119296847688259,0.000000336003960380484,0.0251217509376033,0.000339683052919993,0,0,0.00496193386924474,0.00496446283243884,0.00049011449111726,0.00395730617017996,0,0,0,0.00727054267843582,0.000630090407132358,0.00668607680097963,0.0000000000000146148405324646,0.00000713777278757157,0.00000201037996509956,0.150308540161219,0.00203239272329086
0.124519051164681,0.00235555569397743,0.000025866872131821,0.0296931819078376,0.00356854440178599,0.129000814690833,0,0,0,0.00744121706337717,0.000652854634399788,0.00702880164815877,0.000000000000000364324845581561,0.000000256525183334483,0.0000000721367138096811,0.006526051555095,0.0000898768718543686,0,0.2875254953004,0.00554164329014328,0.0916389900729343,0.00977847954003788,0.0733720827880935,0,0,0,0.00711878585526353,0.000624566155956105,0.00672424058137296,0.00000000000000140212055320047,0.000000987248704909628,0.0000002776213873403,0.0251158029094562,0.000345895183413076,0,0,0.00486515718874499,0.0049757126963573,0.000493480932336801,0.00403946654554171,0,0,0,0.00717739757672988,0.000629708451048904,0.00677960385876903,0.00000000000000838917215623465,0.00000590690959318847,0.00000166106516827979,0.15027295190028,0.00206956116222752
0.122626109328879,0.0023700306405001,0.0000264427987412724,0.0298187202942892,0.00359178323149413,0.130729928437344,0,0,0,0.00734588540096357,0.000652253318576623,0.00712473462639553,0.000000000000000209128785468992,0.000000212289058653766,0.0000000596025550948187,0.00652449458081533,0.0000914906164175884,0,0.284991600636246,0.00556544020590044,0.0923400018340725,0.00988192421851345,0.0750777240968767,0,0,0,0.00702758495571059,0.000623990895412025,0.00681601674146997,0.000000000000000804841536140253,0.000000817003989620544,0.000000229383113820602,0.0251098108239183,0.000352105751940441,0,0,0.00477026802350348,0.0049853585525664,0.000496682113137839,0.00412150867377309,0,0,0,0.00708544578484351,0.000629128454161933,0.00687213564754237,0.00000000000000481553044048672,0.00000488830087085767,0.00000137244577663577,0.150237100035019,0.00210672025560593
0.120761944043814,0.00238384239597376,0.0000270141318453772,0.0299352868726558,0.00361394050377095,0.132440986783187,0,0,0,0.00725177506105423,0.000651454864900759,0.00721964341998073,0.000000000000000120043553005348,0.00000017568117028731,0.0000000492462767647415,0.00652292820499207,0.0000931039564076315,0,0.282480036590676,0.00558761076206527,0.0930166042469112,0.00998290051511009,0.0767895388768456,0,0,0,0.00693755245822065,0.000623227039085108,0.00690681309528683,0.000000000000000461993012525213,0.000000676116884855726,0.00000018952651090875,0.025103782556117,0.00035831476344974,0,0,0.00467722955975647,0.00499344942377646,0.000499720791370159,0.00420341758807771,0,0,0,0.00699467201492691,0.000628358308709991,0.00696367956291091,0.00000000000000276419806285897,0.00000404534469724787,0.00000113397562324776,0.150201031683925,0.00214387003302889
0.11892611784762,0.00239700494755701,0.0000275806568473044,0.0300431058253266,0.00363503586816944,0.134134169585727,0,0,0,0.00715887039692044,0.000650467204373948,0.00731353574464134,0.000000000000000068907083191972,0.000000145386077763824,0.0000000406894598900698,0.00652135412040764,0.0000947168929015094,0,0.279990606369195,0.00560819692131668,0.09366922462432,0.0100814290404947,0.0785072340362821,0,0,0,0.00684867339404462,0.000622282174323312,0.00699663702422466,0.00000000000000026519200866011,0.000000559524858801384,0.000000156595216336188,0.0250977246208017,0.000364522222085901,0,0,0.00458600570174938,0.00500003314931524,0.000502599723009061,0.00428517878890712,0,0,0,0.00690506117498748,0.000627405664510609,0.00705424304704972,0.00000000000000158669767020329,0.00000334775091589901,0.000000936940996755551,0.150164785826067,0.00218101051929634
0.117118199928734,0.00240953203535869,0.0000281421697512121,0.0301423968219667,0.00365508878879637,0.135809654986641,0,0,0,0.00706715596228841,0.00064929802375217,0.00740641935989515,0.0000000000000000395538618705647,0.000000120315179886586,0.0000000336194379507371,0.0065197737274247,0.000096329426804293,0,0.277523114911608,0.00562723973763658,0.0942982842116148,0.0101775307569743,0.0802305213737747,0,0,0,0.00676093298620256,0.000621163654812098,0.00708549595157793,0.000000000000000152224816286254,0.000000463038380793679,0.000000129385918938716,0.0250916424073309,0.00037072813133213,0,0,0.00449656105773284,0.00500515641111977,0.000505321660314231,0.00436677823381396,0,0,0,0.00681659836638069,0.000626277935794992,0.00714383358437213,0.000000000000000910792005267747,0.0000027704527136098,0.000000774142241971917,0.150128394707072,0.00221814173524903
0.115337766024802,0.00242143715649687,0.0000286984768421721,0.0302333751021685,0.00367411854166382,0.137467619429274,0,0,0,0.0069766165087712,0.00064795477243874,0.00749830206472578,0.0000000000000000227046033064128,0.0000000995675977573867,0.0000000277778719871592,0.00651818818449779,0.0000979415588793153,0,0.275077368876742,0.00564477937482848,0.0949041982613891,0.0102712269556164,0.0819591175230327,0,0,0,0.00667431664702684,0.000619878607168861,0.00717339733839688,0.0000000000000000873796869312275,0.000000383190377877138,0.000000106904389611957,0.0250855403740692,0.000376932494126148,0,0,0.00440886092623187,0.00500886475918405,0.000507889350080574,0.0044482023274843,0,0,0,0.006729268881333,0.000624982307856734,0.00723245869735808,0.00000000000000052281042093757,0.0000022927058884389,0.000000639630684155351,0.15009188500224,0.00225526369846392
0.113584398323119,0.00243273356909346,0.0000292493943742004,0.0303162515566666,0.00369214421225673,0.139108237675738,0,0,0,0.00688723698333354,0.000646444669189783,0.0075891916934124,0.0000000000000000130328364140139,0.0000000823978032707764,0.0000000229513108824793,0.00651659844995964,0.0000995532897730693,0,0.272653176627293,0.00566085512466783,0.0954873761075706,0.010362539234152,0.0836927438979257,0,0,0,0.00658880997573684,0.000618433937357848,0.0072603486794979,0.000000000000000050157457072187,0.000000317111651608894,0.0000000883291521330338,0.0250794222092032,0.000383135312956012,0,0,0.00432287128258297,0.00501120263647348,0.000510305531977661,0.00452943791194669,0,0,0,0.00664305820049655,0.000623525743519562,0.0073201259425317,0.000000000000000300102256783169,0.00000189734344313157,0.000000528491264154742,0.150055278778742,0.00229237642382757
0.111857685362578,0.00244343429620535,0.0000297947482662025,0.0303912328071389,0.00370918469330799,0.140731682823751,0,0,0,0.00679900252578909,0.000644774708637101,0.00767909611150953,0.00000000000000000748107433114551,0.0000000681888298661783,0.0000000189633918484422,0.00651500531658942,0.000101164620035732,0,0.270250348214811,0.00567550542469138,0.0960482212387081,0.0104514894756373,0.0854311266377607,0,0,0,0.00650439875604461,0.000616836336930386,0.00734635749961759,0.0000000000000000287912510138464,0.000000262427778433394,0.0000000729814663796858,0.025073290963779,0.000389336589939104,0,0,0.00423855876573362,0.00501221340331713,0.000512572936974526,0.00461047225695552,0,0,0,0.00655795199053523,0.000621914989428938,0.00740684290658365,0.000000000000000172263904695782,0.00000157015871911349,0.000000436662941910458,0.150018594291607,0.00232947992400872
0.110157221937115,0.00245355212969329,0.0000303343738056543,0.0304585212846198,0.00372525868277316,0.14233812632324,0,0,0,0.00671189846632983,0.00064295166763331,0.00776802321197258,0.0000000000000000042942665257384,0.000000056430102913664,0.0000000156683961204398,0.00651340944020975,0.000102775550138085,0,0.26786869536482,0.00568876787563277,0.0965871313704946,0.0105380998278544,0.0871739965528068,0,0,0,0.00642106895379138,0.00061509228909509,0.00743143134970612,0.000000000000000016526677852693,0.000000217173788925007,0.0000000603005271328301,0.0250671491617596,0.000395536326887245,0,0,0.00415589066529937,0.00501193936128832,0.000514694285846682,0.00469129305054643,0,0,0,0.00647393610174156,0.000620156582172243,0.00749261720263401,0.0000000000000000988824715252918,0.0000012993949050636,0.000000360790305850886,0.149981846642218,0.00236657420984784
0.108482609000619,0.00246309963402928,0.0000308681153598347,0.0305183153065471,0.00374038468199681,0.143927737992695,0,0,0,0.00662591032308703,0.000640982111424034,0.00785598091142466,0.00000000000000000246498352747334,0.000000046699093107388,0.0000000129459243866026,0.00651181136334392,0.000104386080485457,0,0.26550803146206,0.00570067925851119,0.097104498517532,0.0106223926834272,0.0889210890700782,0,0,0,0.00633880671461414,0.000613208074622602,0.00751557780335584,0.00000000000000000948659996452869,0.000000179723560047547,0.0000000498229722259526,0.0250609988910703,0.000401734525360368,0,0,0.00407483490887334,0.00501042177658401,0.000516672287762309,0.00477188838976114,0,0,0,0.00639099656568423,0.000618256854232137,0.00757745646663145,0.0000000000000000567602550993931,0.00000107532257645658,0.000000298100965986663,0.149945048323056,0.00240365929067833
0.106833453573289,0.00247208915004348,0.0000313958260944387,0.0305708091524666,0.0037545809940632,0.145500686035291,0,0,0,0.00654102379972352,0.000638872399651766,0.00794297714656043,0.00000000000000000141494333299914,0.0000000386461336136316,0.0000000106964973909044,0.00651021153478664,0.000105996211429228,0,0.263168171535869,0.00571127555137999,0.0976007090643413,0.0107043906606324,0.0906721441793865,0,0,0,0.00625759836164233,0.000611189777589309,0.00759880445336095,0.0000000000000000054454730520648,0.00000014873138326569,0.0000000411659512683019,0.0250548418789177,0.000407931186710765,0,0,0.00399536004958319,0.00500770090291326,0.000518509638944671,0.00485224677153968,0,0,0,0.00630911959288568,0.000616221939777565,0.00766136835388457,0.000000000000000032581371695631,0.000000889890085701063,0.000000246304250641403,0.14990820966835,0.00244073517459124
0.105209368649411,0.0024805327986117,0.0000319173676993953,0.0306161931384168,0.00376786572232379,0.147057137054785,0,0,0,0.00645722478305682,0.000636628692195921,0.00802901987068298,0.000000000000000000812202034327939,0.0000000319818554043154,0.00000000883792095612945,0.00650861032579422,0.000107605943276297,0,0.260848932245686,0.00572059194574188,0.0980761438356252,0.0107841165848864,0.0924269063796694,0,0,0,0.00617743039322384,0.000609043290964341,0.0076811189084044,0.00000000000000000312579605671579,0.00000012308360886092,0.0000000340131362722998,0.0250486795540983,0.000414126312119559,0,0,0.00391743525389081,0.00500381600390476,0.000520209021407908,0.00493235708377733,0,0,0,0.00622829157052948,0.000614057780296754,0.00774436053572158,0.0000000000000000187022729145594,0.000000736434240256997,0.000000203507505193097,0.149871339226878,0.00247780186865346
0.103609973106543,0.00248844248428417,0.0000324326101217259,0.0306546536900157,0.00378025676909456,0.148597256071188,0,0,0,0.00637449934071262,0.000634256954853469,0.00811411705036963,0.000000000000000000466218066251594,0.0000000264667892867096,0.00000000730228260447487,0.00650700804347808,0.000109215276296903,0,0.25855013186669,0.0057286628626374,0.0985311781657882,0.0108615934708862,0.0941851246256073,0,0,0,0.0060982894806803,0.000606774322044063,0.00776252878986823,0.00000000000000000179426119544843,0.00000010185862887524,0.0000000281031630128567,0.0250425130985443,0.00042031990262677,0,0,0.00384103028962998,0.00499880537504318,0.000521773101763456,0.00501220859654419,0,0,0,0.00614849906019708,0.000611770130076451,0.00782644069627428,0.0000000000000000107354292949418,0.000000609440872457012,0.000000168146934378383,0.149834444070383,0.00251485937908765
0.102034891616078,0.00249582989885674,0.0000329414313052762,0.030686373414272,0.00379177183451637,0.150121206536219,0,0,0,0.00629283371880847,0.000631762964864424,0.00819827666226283,0.000000000000000000267617262839326,0.0000000219027609964873,0.00000000603347003216339,0.00650540494188479,0.000110824210731056,0,0.256271590275556,0.00573552196841296,0.0989661819677184,0.010936844505387,0.0959465522745346,0,0,0,0.006020162466091,0.000604388397738137,0.00784304172876345,0.00000000000000000102993707173415,0.000000084293760739788,0.0000000232200807653167,0.0250363434899654,0.000426511959156093,0,0,0.00376611551427728,0.00499270636514416,0.000523204530094422,0.00509179095346494,0,0,0,0.00606972879563354,0.000609364561531508,0.00790761652938277,0.00000000000000000616232276543105,0.000000504346697527819,0.000000138930461134224,0.149797530048698,0.00255190771142046
0.100483754555162,0.00250270652488522,0.0000334437169371635,0.0307115311701423,0.00380242841557161,0.151629150348549,0,0,0,0.00621221433966701,0.000629152316286349,0.00828150668998236,0.000000000000000000153616954283715,0.0000000181257701518455,0.00000000498512076300915,0.00650380123116211,0.000112432746793851,0,0.254013128936344,0.00574120219017482,0.0993815198008381,0.011009893030597,0.0977109470336544,0,0,0,0.00594303636010534,0.000601890869711152,0.0079226653627761,0.00000000000000000059120175725988,0.0000000697578416095163,0.0000000191854614549936,0.0250301715371246,0.000432702482535331,0,0,0.00369266186345186,0.00498555539737711,0.000524505938895335,0.0051710941632565,0,0,0,0.00599196768054186,0.000606846470388838,0.00798789573561711,0.00000000000000000353728023556935,0.000000417375339926217,0.000000114790514036301,0.149760602000819,0.00258894687060479
0.0989561979199574,0.00250908363914392,0.0000339393602007801,0.0307303021378545,0.00381224380525088,0.15312124786884,0,0,0,0.00613262779955858,0.000626430425221926,0.00836381512115522,0.000000000000000000088178798307092,0.0000000150000971863656,0.00000000411892806117635,0.00650219708514179,0.000114040884679842,0,0.251774570886512,0.00574573573093517,0.0997775509384271,0.0110807625281705,0.0994780709075645,0,0,0,0.00586689833978314,0.000599286919383678,0.00800140733342577,0.000000000000000000339360070997995,0.0000000577285486292734,0.0000000158518798862336,0.0250239979090212,0.000438891473513227,0,0,0.00362064083963936,0.00497738798984528,0.000525679942074777,0.00525010859142138,0,0,0,0.00591520278640567,0.000604221080729658,0.00806728601941248,0.00000000000000000203046025682726,0.000000345401635882942,0.0000000948450181847905,0.149723663929503,0.00262597686112055
0.097451863240223,0.00251497231602904,0.0000344282615352011,0.0307428578870196,0.00382123509186334,0.154597657934577,0,0,0,0.00605406086647272,0.000623602534903539,0.00844520994455946,0.0000000000000000000506161608732474,0.0000000124134265035505,0.00000000340324120109897,0.00650059264761253,0.000115648624566645,0,0.249555740723042,0.00574915408445646,0.100154629434225,0.0111494766037836,0.101247690146102,0,0,0,0.00579173574646279,0.000596581562796535,0.00807927528333326,0.00000000000000000019479857150888,0.0000000477736301747091,0.0000000130975268182506,0.0250178231590326,0.00044507893277335,0,0,0.00355002450113595,0.00496823877573207,0.000526729134018491,0.00532882495209429,0,0,0,0.00583942135033967,0.000601493449893791,0.00814579508631435,0.00000000000000000116551943300908,0.000000285839336103519,0.000000078365164142555,0.149686719145719,0.00266299768705764
0.0959703974951912,0.00252038343090803,0.0000349103284008454,0.0307493664435516,0.00382941915848487,0.156058537874711,0,0,0,0.00597650047791822,0.000620673720638702,0.0085256991473788,0.0000000000000000000290545549580301,0.0000000102728106121208,0.00000000281190894835407,0.0064989880375094,0.000117255966617914,0,0.247356464588707,0.00575148804979974,0.100513104188318,0.0112160589722726,0.103019575192512,0,0,0,0.00571753608365657,0.000593779655341929,0.00815627685359409,0.000000000000000000111817761442313,0.0000000395353736454569,0.0000000108217580492542,0.0250116477448857,0.00045126486094553,0,0,0.00348078545120782,0.00495814152302239,0.00052765608871061,0.00540723430003998,0,0,0,0.00576461077296771,0.000598668473249769,0.00822343064033033,0.000000000000000000669028386127811,0.000000236548173418994,0.0000000647487772011367,0.149649770388142,0.00270000935218448
0.0945114530307253,0.00252532766341551,0.0000353854750512437,0.0307499923554157,0.00383681268253818,0.157504043524102,0,0,0,0.00589993373875136,0.000617648894620069,0.00860529071256429,0.0000000000000000000166778188871959,0.00000000850133022032764,0.00000000232332399222133,0.00649738335320687,0.000118862910985791,0,0.245176570158439,0.00575276774558302,0.100853319012316,0.0112805334433214,0.104793500631949,0,0,0,0.005644287014973,0.000590885896365048,0.00823241968125455,0.0000000000000000000641853360480114,0.0000000327177516878879,0.00000000894141687217984,0.0250054720451791,0.000457449258615289,0,0,0.00341289682746222,0.00494712915380793,0.000528463358910776,0.00548532802279987,0,0,0,0.00569075861632804,0.00059575088883431,0.00830020038138546,0.000000000000000000384033906915817,0.000000195756956025011,0.0000000534983138861764,0.149612819922003,0.00273701186000437
0.0930746874777357,0.00252981550069681,0.0000358536223107691,0.0307448967572243,0.00384343213549928,0.158934329237781,0,0,0,0.00582434791903198,0.00061453281060367,0.00868399261630007,0.00000000000000000000957335754190358,0.0000000070353302756071,0.00000000191963341344633,0.00649577867607026,0.000120469457812924,0,0.243015886625832,0.00575302262395531,0.101175612693824,0.0113429239076785,0.106569245140319,0,0,0,0.00557197636206582,0.000587904833639579,0.00830771139688719,0.0000000000000000000368434970478419,0.0000000270757849694165,0.00000000738779552436785,0.0249992963730509,0.000463632126331617,0,0,0.00334633229142575,0.00493523376318473,0.000529153475384947,0.00556309783298538,0,0,0,0.00561785260180536,0.000592745281864683,0.00837611200287777,0.000000000000000000220442128793099,0.000000161999922799184,0.0000000442026816934624,0.149575869620871,0.00277400521380202
0.0916597636718367,0.00253385724059976,0.0000363146973581917,0.0307342374337016,0.00384929378272478,0.160349547905027,0,0,0,0.00574973045190699,0.000611330068458897,0.00876181282556984,0.00000000000000000000549527340745281,0.00000000582213263149241,0.00000000158608633765944,0.00649417407339377,0.000122075607234133,0,0.240874244689758,0.00575228148429181,0.101480319060212,0.0114032543238905,0.108346591433457,0,0,0,0.00550059210260922,0.000584840867720552,0.00838215962226281,0.0000000000000000000211488068505079,0.0000000224067392742423,0.00000000610412460240758,0.0249931209874857,0.000469813464613372,0,0,0.00328106601832594,0.00492248663775135,0.000529728946187789,0.00564053576071573,0,0,0,0.00554588060808938,0.000589656089127393,0.00845117318933104,0.000000000000000000126537608455197,0.000000134064073736324,0.0000000365222177478366,0.149538921034304,0.00281098941668187
0.0902663495742242,0.00253746299481566,0.0000367686335159171,0.0307181688820341,0.003854413683395,0.161749850963263,0,0,0,0.00567606893152102,0.000608045118593703,0.008838759295821,0.0000000000000000000031543823251642,0.0000000048181431504661,0.00000000131049493767305,0.00649256960083101,0.000123681359377781,0,0.238751476541097,0.005750572486616,0.101767767041697,0.0114615487055351,0.110125326216663,0,0,0,0.00543012236829901,0.000581698256177787,0.00845577196811579,0.0000000000000000000121397822421498,0.0000000185428406035465,0.00000000504349870523777,0.0249869461026691,0.000475993273954569,0,0,0.00321707268707212,0.00490891827371607,0.000530192255994616,0.00571763414619799,0,0,0,0.00547483066915956,0.000586487603246479,0.00852539161414177,0.0000000000000000000726347837467539,0.000000110945582912747,0.0000000301762775043901,0.149501975443817,0.0028479644715997
0.0888941181937565,0.00254064269197016,0.0000372153700447777,0.0306968423731275,0.0038588076905676,0.163135388411781,0,0,0,0.00560335111095385,0.000604682266258355,0.00891483996872352,0.00000000000000000000181067020975039,0.00000000398728522480089,0.00000000108278908965373,0.00649096530440565,0.000125286714366906,0,0.236647415849595,0.00574792316475371,0.102038280733732,0.0115178311089384,0.11190524013459,0,0,0,0.00536055544287939,0.000578481117713161,0.00852855603200004,0.00000000000000000000696844573448248,0.0000000153452465099976,0.00000000416716250839621,0.0249807718957252,0.000482171554828722,0,0,0.00315432747043169,0.00489455839462085,0.000530545865480898,0.00579438563244736,0,0,0,0.00540469097229564,0.00058324397683469,0.00859877493741748,0.0000000000000000000416936266960166,0.0000000918137277557067,0.0000000249329799824596,0.149465033909181,0.00288493038138865
0.0875427475102199,0.00254340608066486,0.0000376548519442431,0.0306704060117872,0.00386249145133689,0.164506308825294,0,0,0,0.0055315649001842,0.000601245675731009,0.00899006277002051,0.00000000000000000000103935613077811,0.00000000329970342669794,0.000000000894648410282954,0.00648936122217489,0.000126891672320153,0,0.234561897750824,0.00574436043922477,0.102292179458713,0.0115721256213644,0.113686127721483,0,0,0,0.00529187976019503,0.000575193436164829,0.00860051939623273,0.00000000000000000000400000881282924,0.0000000126990570370075,0.00000000344309464248446,0.0249745985131188,0.000488348307692441,0,0,0.003092806025398,0.00487943596869007,0.000530792210747436,0.0058707831581453,0,0,0,0.00533544985611366,0.00057992922653066,0.0086713308039035,0.0000000000000000000239328654591675,0.000000075981038479269,0.0000000206007348227507,0.149428097306723,0.00292188714878071
0.0862119203987601,0.0025457627324704,0.0000380870297579226,0.0306390047958415,0.00386548040709418,0.165862759367323,0,0,0,0.0054606983640797,0.000597739374388293,0.00906443560746772,0.00000000000000000000059660846065113,0.00000000273069070565556,0.000000000739198229525684,0.0064877573856054,0.000128496233352541,0,0.232494758833269,0.00573991062987709,0.10252977782701,0.0116244563496583,0.115467787351794,0,0,0,0.00522408390226809,0.000571839064401416,0.00867166962592308,0.00000000000000000000229607449241331,0.0000000105091859895567,0.00000000284483763069442,0.024968426075951,0.000494523532988383,0,0,0.00303248448374609,0.00486357922581171,0.000530933702789365,0.00594681995063363,0,0,0,0.00526709580862712,0.000576547236925175,0.00874306684099552,0.0000000000000000000137378802103904,0.0000000628785950587766,0.0000000170212415658227,0.149391166361016,0.00295883477642438
0.0849013245554632,0.00254772204487177,0.0000385118593842341,0.0306027806742254,0.00386778979388442,0.167204885803418,0,0,0,0.00539073972041253,0.000594167256663969,0.00913796636885922,0.000000000000000000000342463612596423,0.00000000225980058378015,0.000000000610758389836144,0.00648615382071181,0.000130100397576097,0,0.230445837125523,0.00573459946826848,0.102751385797324,0.0116748474093346,0.117250021191159,0,0,0,0.00515715659739986,0.000568421728109157,0.00874201426708357,0.00000000000000000000131798661488002,0.0000000086969441779211,0.00000000235053113125431,0.02496225468434,0.000500697231147689,0,0,0.00297333944277266,0.00484701567415852,0.000530972727007192,0.00602248951904243,0,0,0,0.00519961746533308,0.000573101764379489,0.00881399065683525,0.00000000000000000000788578170871486,0.0000000520355840838396,0.0000000140637053452151,0.149354241671089,0.00299577326689928
